[{
	"inputs": [{
		"internalType": "address[]",
		"name": "address_array",
		"type": "address[]"
	}],
	"name": "airdrop",
	"outputs": [],
	"stateMutability": "nonpayable",
	"type": "function"
}, {
	"inputs": [{
		"internalType": "address",
		"name": "_spender",
		"type": "address"
	}, {
		"internalType": "uint256",
		"name": "_value",
		"type": "uint256"
	}],
	"name": "approve",
	"outputs": [{
		"internalType": "bool",
		"name": "success",
		"type": "bool"
	}],
	"stateMutability": "nonpayable",
	"type": "function"
}, {
	"inputs": [{
		"internalType": "uint256",
		"name": "_value",
		"type": "uint256"
	}],
	"name": "burn",
	"outputs": [{
		"internalType": "bool",
		"name": "success",
		"type": "bool"
	}],
	"stateMutability": "nonpayable",
	"type": "function"
}, {
	"inputs": [{
		"internalType": "string",
		"name": "tokenName",
		"type": "string"
	}, {
		"internalType": "string",
		"name": "tokenSymbol",
		"type": "string"
	}, {
		"internalType": "uint256",
		"name": "epoch_time",
		"type": "uint256"
	}],
	"stateMutability": "nonpayable",
	"type": "constructor"
}, {
	"anonymous": false,
	"inputs": [{
		"indexed": true,
		"internalType": "address",
		"name": "from",
		"type": "address"
	}, {
		"indexed": false,
		"internalType": "uint256",
		"name": "value",
		"type": "uint256"
	}],
	"name": "Burn",
	"type": "event"
}, {
	"inputs": [],
	"name": "free_airdrop",
	"outputs": [],
	"stateMutability": "nonpayable",
	"type": "function"
}, {
	"inputs": [{
		"internalType": "uint256",
		"name": "_value",
		"type": "uint256"
	}],
	"name": "freeze",
	"outputs": [{
		"internalType": "bool",
		"name": "success",
		"type": "bool"
	}],
	"stateMutability": "nonpayable",
	"type": "function"
}, {
	"anonymous": false,
	"inputs": [{
		"indexed": true,
		"internalType": "address",
		"name": "from",
		"type": "address"
	}, {
		"indexed": false,
		"internalType": "uint256",
		"name": "value",
		"type": "uint256"
	}],
	"name": "Freeze",
	"type": "event"
}, {
	"inputs": [],
	"name": "mint",
	"outputs": [{
		"internalType": "bool",
		"name": "success",
		"type": "bool"
	}],
	"stateMutability": "nonpayable",
	"type": "function"
}, {
	"anonymous": false,
	"inputs": [{
		"indexed": true,
		"internalType": "address",
		"name": "operator",
		"type": "address"
	}, {
		"indexed": true,
		"internalType": "address",
		"name": "to",
		"type": "address"
	}, {
		"indexed": false,
		"internalType": "uint256",
		"name": "amount",
		"type": "uint256"
	}],
	"name": "Minted",
	"type": "event"
}, {
	"inputs": [{
		"internalType": "address",
		"name": "invite_address",
		"type": "address"
	}],
	"name": "registration",
	"outputs": [{
		"internalType": "bool",
		"name": "success",
		"type": "bool"
	}],
	"stateMutability": "nonpayable",
	"type": "function"
}, {
	"inputs": [{
		"internalType": "uint256",
		"name": "_value",
		"type": "uint256"
	}],
	"name": "set_anti_bot",
	"outputs": [],
	"stateMutability": "nonpayable",
	"type": "function"
}, {
	"inputs": [{
		"internalType": "address payable",
		"name": "new_owner",
		"type": "address"
	}],
	"name": "setOwner",
	"outputs": [],
	"stateMutability": "nonpayable",
	"type": "function"
}, {
	"inputs": [],
	"name": "stop_airdrop",
	"outputs": [],
	"stateMutability": "nonpayable",
	"type": "function"
}, {
	"inputs": [{
		"internalType": "address",
		"name": "_to",
		"type": "address"
	}, {
		"internalType": "uint256",
		"name": "_value",
		"type": "uint256"
	}],
	"name": "transfer",
	"outputs": [{
		"internalType": "bool",
		"name": "success",
		"type": "bool"
	}],
	"stateMutability": "nonpayable",
	"type": "function"
}, {
	"anonymous": false,
	"inputs": [{
		"indexed": true,
		"internalType": "address",
		"name": "from",
		"type": "address"
	}, {
		"indexed": true,
		"internalType": "address",
		"name": "to",
		"type": "address"
	}, {
		"indexed": false,
		"internalType": "uint256",
		"name": "value",
		"type": "uint256"
	}],
	"name": "Transfer",
	"type": "event"
}, {
	"inputs": [{
		"internalType": "address",
		"name": "_from",
		"type": "address"
	}, {
		"internalType": "address",
		"name": "_to",
		"type": "address"
	}, {
		"internalType": "uint256",
		"name": "_value",
		"type": "uint256"
	}],
	"name": "transferFrom",
	"outputs": [{
		"internalType": "bool",
		"name": "success",
		"type": "bool"
	}],
	"stateMutability": "nonpayable",
	"type": "function"
}, {
	"inputs": [{
		"internalType": "uint256",
		"name": "_value",
		"type": "uint256"
	}],
	"name": "unfreeze",
	"outputs": [{
		"internalType": "bool",
		"name": "success",
		"type": "bool"
	}],
	"stateMutability": "nonpayable",
	"type": "function"
}, {
	"anonymous": false,
	"inputs": [{
		"indexed": true,
		"internalType": "address",
		"name": "from",
		"type": "address"
	}, {
		"indexed": false,
		"internalType": "uint256",
		"name": "value",
		"type": "uint256"
	}],
	"name": "Unfreeze",
	"type": "event"
}, {
	"inputs": [{
		"internalType": "uint256",
		"name": "amount",
		"type": "uint256"
	}],
	"name": "withdraw",
	"outputs": [],
	"stateMutability": "nonpayable",
	"type": "function"
}, {
	"stateMutability": "payable",
	"type": "receive"
}, {
	"inputs": [{
		"internalType": "address",
		"name": "",
		"type": "address"
	}, {
		"internalType": "address",
		"name": "",
		"type": "address"
	}],
	"name": "allowance",
	"outputs": [{
		"internalType": "uint256",
		"name": "",
		"type": "uint256"
	}],
	"stateMutability": "view",
	"type": "function"
}, {
	"inputs": [],
	"name": "anti_bot",
	"outputs": [{
		"internalType": "uint256",
		"name": "",
		"type": "uint256"
	}],
	"stateMutability": "view",
	"type": "function"
}, {
	"inputs": [{
		"internalType": "address",
		"name": "",
		"type": "address"
	}],
	"name": "balanceOf",
	"outputs": [{
		"internalType": "uint256",
		"name": "",
		"type": "uint256"
	}],
	"stateMutability": "view",
	"type": "function"
}, {
	"inputs": [],
	"name": "decimals",
	"outputs": [{
		"internalType": "uint8",
		"name": "",
		"type": "uint8"
	}],
	"stateMutability": "view",
	"type": "function"
}, {
	"inputs": [],
	"name": "epoch",
	"outputs": [{
		"internalType": "uint256",
		"name": "",
		"type": "uint256"
	}],
	"stateMutability": "view",
	"type": "function"
}, {
	"inputs": [],
	"name": "epoch_add",
	"outputs": [{
		"internalType": "uint256",
		"name": "",
		"type": "uint256"
	}],
	"stateMutability": "view",
	"type": "function"
}, {
	"inputs": [],
	"name": "epoch_base",
	"outputs": [{
		"internalType": "uint256",
		"name": "",
		"type": "uint256"
	}],
	"stateMutability": "view",
	"type": "function"
}, {
	"inputs": [{
		"internalType": "address",
		"name": "",
		"type": "address"
	}],
	"name": "freezeOf",
	"outputs": [{
		"internalType": "uint256",
		"name": "",
		"type": "uint256"
	}],
	"stateMutability": "view",
	"type": "function"
}, {
	"inputs": [{
		"internalType": "address",
		"name": "",
		"type": "address"
	}],
	"name": "invite",
	"outputs": [{
		"internalType": "address",
		"name": "",
		"type": "address"
	}],
	"stateMutability": "view",
	"type": "function"
}, {
	"inputs": [{
		"internalType": "address",
		"name": "",
		"type": "address"
	}],
	"name": "inviteCount",
	"outputs": [{
		"internalType": "uint256",
		"name": "",
		"type": "uint256"
	}],
	"stateMutability": "view",
	"type": "function"
}, {
	"inputs": [],
	"name": "is_airdrop",
	"outputs": [{
		"internalType": "bool",
		"name": "",
		"type": "bool"
	}],
	"stateMutability": "view",
	"type": "function"
}, {
	"inputs": [{
		"internalType": "address",
		"name": "",
		"type": "address"
	}],
	"name": "last_miner",
	"outputs": [{
		"internalType": "uint256",
		"name": "",
		"type": "uint256"
	}],
	"stateMutability": "view",
	"type": "function"
}, {
	"inputs": [],
	"name": "name",
	"outputs": [{
		"internalType": "string",
		"name": "",
		"type": "string"
	}],
	"stateMutability": "view",
	"type": "function"
}, {
	"inputs": [],
	"name": "owner",
	"outputs": [{
		"internalType": "address payable",
		"name": "",
		"type": "address"
	}],
	"stateMutability": "view",
	"type": "function"
}, {
	"inputs": [{
		"internalType": "address",
		"name": "",
		"type": "address"
	}],
	"name": "power",
	"outputs": [{
		"internalType": "uint256",
		"name": "",
		"type": "uint256"
	}],
	"stateMutability": "view",
	"type": "function"
}, {
	"inputs": [{
		"internalType": "address",
		"name": "",
		"type": "address"
	}],
	"name": "rewardCount",
	"outputs": [{
		"internalType": "uint256",
		"name": "",
		"type": "uint256"
	}],
	"stateMutability": "view",
	"type": "function"
}, {
	"inputs": [],
	"name": "start_time",
	"outputs": [{
		"internalType": "uint256",
		"name": "",
		"type": "uint256"
	}],
	"stateMutability": "view",
	"type": "function"
}, {
	"inputs": [],
	"name": "symbol",
	"outputs": [{
		"internalType": "string",
		"name": "",
		"type": "string"
	}],
	"stateMutability": "view",
	"type": "function"
}, {
	"inputs": [],
	"name": "totalPower",
	"outputs": [{
		"internalType": "uint256",
		"name": "",
		"type": "uint256"
	}],
	"stateMutability": "view",
	"type": "function"
}, {
	"inputs": [],
	"name": "totalSupply",
	"outputs": [{
		"internalType": "uint256",
		"name": "",
		"type": "uint256"
	}],
	"stateMutability": "view",
	"type": "function"
}, {
	"inputs": [{
		"internalType": "uint256",
		"name": "_value",
		"type": "uint256"
	}],
	"name": "transfer_fee",
	"outputs": [{
		"internalType": "uint256",
		"name": "fee",
		"type": "uint256"
	}],
	"stateMutability": "view",
	"type": "function"
}]